id,y
0,0
1,0
2,1
3,0
4,0
5,2
6,0
7,2
8,0
9,2
10,0
11,0
12,0
13,1
14,2
15,3
16,0
17,0
18,2
19,1
20,0
21,2
22,0
23,0
24,0
25,0
26,0
27,0
28,1
29,2
30,0
31,0
32,0
33,0
34,0
35,0
36,0
37,0
38,2
39,0
40,0
41,0
42,1
43,2
44,0
45,0
46,2
47,2
48,2
49,0
50,0
51,0
52,2
53,2
54,0
55,0
56,2
57,2
58,0
59,2
60,0
61,3
62,0
63,2
64,1
65,2
66,2
67,0
68,2
69,0
70,0
71,0
72,0
73,3
74,2
75,0
76,1
77,1
78,0
79,2
80,0
81,0
82,2
83,0
84,0
85,0
86,0
87,0
88,0
89,0
90,0
91,0
92,2
93,0
94,2
95,2
96,2
97,0
98,2
99,0
100,2
101,2
102,0
103,2
104,3
105,2
106,0
107,0
108,0
109,0
110,2
111,0
112,0
113,0
114,2
115,0
116,0
117,0
118,2
119,0
120,0
121,0
122,2
123,0
124,0
125,1
126,0
127,0
128,0
129,2
130,2
131,3
132,0
133,0
134,1
135,0
136,0
137,2
138,1
139,0
140,0
141,2
142,1
143,0
144,0
145,0
146,3
147,0
148,0
149,1
150,2
151,0
152,2
153,2
154,0
155,1
156,0
157,0
158,3
159,2
160,0
161,2
162,0
163,0
164,0
165,0
166,0
167,0
168,2
169,2
170,3
171,0
172,1
173,2
174,2
175,0
176,0
177,0
178,2
179,2
180,0
181,1
182,0
183,2
184,2
185,0
186,0
187,0
188,1
189,0
190,2
191,2
192,2
193,2
194,2
195,0
196,2
197,0
198,2
199,1
200,3
201,0
202,0
203,0
204,1
205,0
206,0
207,0
208,1
209,1
210,2
211,2
212,0
213,2
214,0
215,2
216,0
217,2
218,0
219,0
220,0
221,2
222,0
223,2
224,0
225,0
226,2
227,2
228,3
229,2
230,0
231,1
232,0
233,2
234,2
235,0
236,2
237,0
238,0
239,0
240,1
241,0
242,2
243,2
244,0
245,0
246,0
247,0
248,2
249,3
250,0
251,0
252,1
253,0
254,3
255,0
256,0
257,0
258,2
259,2
260,0
261,2
262,0
263,2
264,2
265,2
266,0
267,0
268,1
269,0
270,0
271,2
272,2
273,0
274,0
275,0
276,2
277,2
278,1
279,0
280,0
281,0
282,0
283,0
284,0
285,2
286,0
287,0
288,0
289,0
290,3
291,0
292,0
293,0
294,3
295,2
296,0
297,2
298,0
299,2
300,2
301,0
302,2
303,3
304,2
305,0
306,1
307,2
308,0
309,2
310,0
311,2
312,1
313,2
314,0
315,0
316,2
317,0
318,2
319,2
320,0
321,2
322,0
323,0
324,2
325,0
326,0
327,0
328,0
329,1
330,0
331,0
332,0
333,0
334,2
335,0
336,0
337,2
338,0
339,0
340,0
341,2
342,0
343,2
344,0
345,0
346,2
347,2
348,0
349,2
350,1
351,0
352,0
353,0
354,0
355,0
356,0
357,2
358,0
359,0
360,3
361,2
362,2
363,2
364,0
365,2
366,0
367,0
368,0
369,0
370,0
371,2
372,0
373,0
374,2
375,0
376,1
377,0
378,0
379,0
380,2
381,2
382,0
383,2
384,2
385,0
386,0
387,2
388,0
389,3
390,0
391,0
392,2
393,1
394,0
395,2
396,3
397,1
398,0
399,2
400,0
401,2
402,0
403,3
404,0
405,0
406,1
407,0
408,2
409,2
410,2
411,0
412,2
413,0
414,0
415,2
416,0
417,0
418,0
419,0
420,3
421,0
422,2
423,0
424,0
425,3
426,0
427,1
428,2
429,0
430,0
431,2
432,0
433,2
434,0
435,0
436,2
437,0
438,0
439,2
440,0
441,0
442,0
443,3
444,0
445,0
446,0
447,0
448,0
449,2
450,0
451,2
452,0
453,0
454,1
455,0
456,0
457,1
458,1
459,0
460,0
461,2
462,2
463,0
464,0
465,3
466,0
467,2
468,0
469,0
470,2
471,2
472,0
473,1
474,1
475,1
476,1
477,0
478,0
479,0
480,2
481,1
482,0
483,0
484,0
485,0
486,3
487,0
488,0
489,2
490,0
491,2
492,0
493,0
494,0
495,1
496,0
497,0
498,2
499,0
500,0
501,0
502,0
503,0
504,0
505,0
506,0
507,0
508,0
509,0
510,2
511,3
512,2
513,1
514,2
515,0
516,2
517,0
518,0
519,0
520,1
521,0
522,0
523,3
524,0
525,2
526,1
527,0
528,2
529,0
530,0
531,2
532,0
533,2
534,0
535,2
536,1
537,0
538,2
539,0
540,0
541,2
542,3
543,0
544,3
545,0
546,0
547,0
548,2
549,3
550,1
551,0
552,0
553,2
554,3
555,0
556,0
557,2
558,0
559,0
560,2
561,0
562,0
563,0
564,3
565,2
566,0
567,0
568,0
569,0
570,0
571,2
572,2
573,0
574,0
575,0
576,0
577,0
578,1
579,0
580,0
581,2
582,2
583,0
584,0
585,0
586,0
587,2
588,2
589,2
590,0
591,3
592,0
593,0
594,0
595,3
596,2
597,0
598,0
599,0
600,2
601,0
602,2
603,2
604,0
605,1
606,1
607,0
608,0
609,0
610,2
611,0
612,0
613,1
614,3
615,0
616,0
617,0
618,2
619,0
620,0
621,0
622,2
623,2
624,3
625,0
626,0
627,2
628,0
629,0
630,0
631,0
632,0
633,2
634,2
635,0
636,0
637,0
638,1
639,2
640,2
641,0
642,1
643,2
644,0
645,0
646,0
647,2
648,2
649,0
650,0
651,0
652,0
653,0
654,3
655,0
656,2
657,0
658,0
659,0
660,0
661,0
662,2
663,0
664,2
665,0
666,2
667,2
668,0
669,2
670,0
671,0
672,0
673,0
674,2
675,0
676,0
677,0
678,2
679,2
680,2
681,0
682,0
683,0
684,2
685,1
686,0
687,2
688,0
689,2
690,0
691,2
692,0
693,0
694,2
695,3
696,2
697,0
698,0
699,0
700,0
701,2
702,2
703,2
704,2
705,1
706,0
707,0
708,0
709,2
710,0
711,1
712,0
713,2
714,0
715,2
716,0
717,1
718,0
719,0
720,0
721,2
722,0
723,2
724,0
725,0
726,0
727,0
728,0
729,1
730,0
731,0
732,0
733,2
734,2
735,2
736,0
737,1
738,0
739,1
740,1
741,2
742,0
743,0
744,2
745,0
746,2
747,0
748,0
749,1
750,2
751,0
752,3
753,0
754,0
755,1
756,0
757,0
758,0
759,2
760,0
761,2
762,1
763,1
764,0
765,0
766,2
767,0
768,0
769,1
770,2
771,2
772,0
773,0
774,3
775,0
776,2
777,1
778,1
779,0
780,2
781,0
782,0
783,0
784,2
785,1
786,0
787,0
788,0
789,0
790,0
791,1
792,0
793,0
794,2
795,0
796,0
797,0
798,2
799,0
800,0
801,0
802,2
803,0
804,2
805,2
806,2
807,3
808,2
809,2
810,0
811,0
812,0
813,0
814,0
815,2
816,0
817,0
818,0
819,1
820,2
821,0
822,1
823,0
824,0
825,2
826,0
827,3
828,1
829,1
830,2
831,0
832,0
833,0
834,2
835,2
836,0
837,0
838,0
839,0
840,2
841,0
842,0
843,0
844,0
845,0
846,0
847,0
848,0
849,2
850,2
851,0
852,2
853,0
854,2
855,0
856,0
857,2
858,0
859,2
860,0
861,0
862,1
863,0
864,0
865,0
866,0
867,0
868,0
869,2
870,2
871,2
872,0
873,2
874,2
875,0
876,2
877,0
878,3
879,2
880,0
881,0
882,0
883,1
884,2
885,2
886,2
887,0
888,0
889,0
890,0
891,2
892,0
893,0
894,2
895,2
896,1
897,0
898,0
899,0
900,0
901,0
902,2
903,0
904,0
905,2
906,0
907,2
908,0
909,2
910,2
911,2
912,0
913,2
914,0
915,1
916,0
917,0
918,0
919,0
920,3
921,1
922,0
923,2
924,2
925,0
926,0
927,0
928,2
929,0
930,2
931,3
932,1
933,0
934,0
935,0
936,1
937,0
938,1
939,0
940,0
941,0
942,0
943,0
944,2
945,0
946,0
947,2
948,2
949,2
950,0
951,0
952,2
953,2
954,0
955,2
956,0
957,0
958,0
959,0
960,2
961,0
962,2
963,0
964,0
965,0
966,0
967,2
968,0
969,2
970,0
971,0
972,0
973,0
974,0
975,0
976,0
977,0
978,0
979,2
980,0
981,0
982,0
983,0
984,0
985,0
986,0
987,0
988,0
989,0
990,0
991,1
992,0
993,3
994,0
995,2
996,2
997,2
998,0
999,2
1000,0
1001,0
1002,0
1003,2
1004,0
1005,0
1006,2
1007,0
1008,0
1009,0
1010,0
1011,0
1012,0
1013,0
1014,1
1015,2
1016,0
1017,2
1018,0
1019,0
1020,2
1021,2
1022,2
1023,0
1024,0
1025,0
1026,0
1027,2
1028,2
1029,0
1030,2
1031,0
1032,0
1033,0
1034,0
1035,0
1036,0
1037,1
1038,3
1039,2
1040,0
1041,0
1042,0
1043,0
1044,0
1045,0
1046,1
1047,0
1048,1
1049,1
1050,3
1051,1
1052,0
1053,2
1054,0
1055,3
1056,0
1057,2
1058,2
1059,0
1060,0
1061,0
1062,0
1063,0
1064,0
1065,2
1066,2
1067,0
1068,0
1069,0
1070,0
1071,2
1072,0
1073,0
1074,0
1075,0
1076,1
1077,0
1078,0
1079,0
1080,2
1081,2
1082,0
1083,0
1084,0
1085,2
1086,0
1087,0
1088,2
1089,0
1090,2
1091,0
1092,0
1093,1
1094,3
1095,0
1096,3
1097,0
1098,0
1099,1
1100,0
1101,0
1102,0
1103,2
1104,0
1105,2
1106,1
1107,0
1108,0
1109,0
1110,1
1111,1
1112,0
1113,1
1114,2
1115,0
1116,0
1117,2
1118,0
1119,2
1120,3
1121,3
1122,0
1123,2
1124,0
1125,2
1126,0
1127,0
1128,1
1129,0
1130,0
1131,0
1132,2
1133,1
1134,2
1135,0
1136,2
1137,0
1138,0
1139,0
1140,0
1141,0
1142,2
1143,2
1144,0
1145,0
1146,0
1147,0
1148,2
1149,0
1150,3
1151,0
1152,1
1153,0
1154,0
1155,0
1156,0
1157,0
1158,0
1159,1
1160,0
1161,2
1162,2
1163,1
1164,1
1165,0
1166,0
1167,1
1168,2
1169,1
1170,0
1171,0
1172,0
1173,0
1174,0
1175,2
1176,2
1177,1
1178,0
1179,2
1180,3
1181,0
1182,2
1183,0
1184,0
1185,0
1186,0
1187,0
1188,0
1189,2
1190,2
1191,0
1192,0
1193,0
1194,2
1195,0
1196,2
1197,0
1198,1
1199,2
1200,2
1201,3
1202,0
1203,0
1204,2
1205,2
1206,0
1207,0
1208,0
1209,1
1210,0
1211,0
1212,0
1213,0
1214,2
1215,0
1216,0
1217,2
1218,0
1219,1
1220,0
1221,2
1222,3
1223,0
1224,3
1225,2
1226,0
1227,0
1228,0
1229,0
1230,0
1231,0
1232,2
1233,0
1234,0
1235,0
1236,1
1237,0
1238,2
1239,2
1240,1
1241,2
1242,2
1243,2
1244,0
1245,2
1246,2
1247,0
1248,0
1249,0
1250,0
1251,2
1252,0
1253,1
1254,2
1255,0
1256,3
1257,0
1258,1
1259,0
1260,2
1261,0
1262,0
1263,2
1264,0
1265,2
1266,0
1267,0
1268,2
1269,0
1270,2
1271,2
1272,2
1273,0
1274,1
1275,0
1276,2
1277,0
1278,0
1279,0
1280,1
1281,0
1282,2
1283,0
1284,0
1285,0
1286,0
1287,0
1288,0
1289,1
1290,2
1291,0
1292,2
1293,2
1294,0
1295,0
1296,2
1297,0
1298,0
1299,0
1300,0
1301,0
1302,0
1303,0
1304,0
1305,2
1306,0
1307,2
1308,2
1309,2
1310,0
1311,0
1312,2
1313,0
1314,0
1315,0
1316,0
1317,0
1318,0
1319,0
1320,1
1321,0
1322,0
1323,0
1324,0
1325,0
1326,0
1327,2
1328,1
1329,0
1330,0
1331,2
1332,0
1333,2
1334,0
1335,3
1336,0
1337,2
1338,2
1339,2
1340,2
1341,0
1342,2
1343,0
1344,0
1345,0
1346,2
1347,0
1348,0
1349,0
1350,0
1351,0
1352,0
1353,0
1354,3
1355,2
1356,0
1357,0
1358,2
1359,0
1360,0
1361,2
1362,0
1363,0
1364,0
1365,0
1366,2
1367,1
1368,2
1369,0
1370,2
1371,0
1372,0
1373,0
1374,0
1375,0
1376,0
1377,2
1378,0
1379,2
1380,2
1381,1
1382,0
1383,0
1384,0
1385,0
1386,0
1387,0
1388,1
1389,0
1390,0
1391,2
1392,0
1393,0
1394,0
1395,0
1396,1
1397,0
1398,0
1399,1
1400,0
1401,2
1402,3
1403,2
1404,0
1405,0
1406,2
1407,0
1408,0
1409,2
1410,0
1411,0
1412,1
1413,2
1414,0
1415,1
1416,0
1417,0
1418,0
1419,0
1420,0
1421,2
1422,0
1423,0
1424,2
1425,0
1426,1
1427,0
1428,0
1429,2
1430,0
1431,0
1432,2
1433,0
1434,0
1435,2
1436,1
1437,2
1438,2
1439,0
1440,0
1441,0
1442,0
1443,0
1444,0
1445,0
1446,0
1447,2
1448,2
1449,2
1450,0
1451,2
1452,0
1453,2
1454,3
1455,2
1456,0
1457,0
1458,2
1459,0
1460,2
1461,2
1462,0
1463,0
1464,2
1465,0
1466,0
1467,0
1468,2
1469,0
1470,2
1471,0
1472,0
1473,0
1474,0
1475,2
1476,0
1477,0
1478,1
1479,1
1480,0
1481,0
1482,2
1483,0
1484,3
1485,0
1486,0
1487,0
1488,3
1489,0
1490,0
1491,0
1492,2
1493,0
1494,0
1495,0
1496,0
1497,0
1498,2
1499,2
1500,1
1501,0
1502,0
1503,0
1504,0
1505,1
1506,2
1507,0
1508,0
1509,1
1510,2
1511,0
1512,0
1513,0
1514,0
1515,1
1516,0
1517,1
1518,0
1519,1
1520,0
1521,0
1522,2
1523,2
1524,0
1525,2
1526,0
1527,0
1528,0
1529,1
1530,2
1531,3
1532,0
1533,0
1534,1
1535,2
1536,0
1537,2
1538,0
1539,0
1540,2
1541,0
1542,0
1543,0
1544,1
1545,0
1546,0
1547,0
1548,1
1549,0
1550,0
1551,2
1552,0
1553,2
1554,1
1555,0
1556,0
1557,0
1558,2
1559,2
1560,2
1561,2
1562,0
1563,0
1564,0
1565,1
1566,0
1567,2
1568,2
1569,2
1570,0
1571,0
1572,0
1573,0
1574,1
1575,0
1576,0
1577,2
1578,0
1579,0
1580,0
1581,2
1582,2
1583,0
1584,0
1585,0
1586,0
1587,0
1588,0
1589,3
1590,0
1591,0
1592,2
1593,0
1594,0
1595,2
1596,2
1597,0
1598,0
1599,0
1600,2
1601,2
1602,2
1603,0
1604,0
1605,0
1606,2
1607,2
1608,1
1609,0
1610,2
1611,0
1612,0
1613,0
1614,1
1615,0
1616,0
1617,0
1618,0
1619,1
1620,2
1621,0
1622,2
1623,1
1624,1
1625,2
1626,2
1627,2
1628,0
1629,3
1630,0
1631,0
1632,0
1633,2
1634,0
1635,0
1636,0
1637,2
1638,2
1639,3
1640,0
1641,1
1642,2
1643,0
1644,2
1645,0
1646,0
1647,0
1648,0
1649,2
1650,0
1651,0
1652,0
1653,0
1654,0
1655,2
1656,0
1657,0
1658,0
1659,0
1660,0
1661,0
1662,0
1663,0
1664,0
1665,0
1666,0
1667,2
1668,0
1669,0
1670,2
1671,3
1672,0
1673,1
1674,2
1675,0
1676,0
1677,2
1678,0
1679,2
1680,0
1681,0
1682,2
1683,0
1684,0
1685,0
1686,0
1687,1
1688,2
1689,0
1690,0
1691,2
1692,2
1693,0
1694,2
1695,2
1696,2
1697,0
1698,0
1699,0
1700,0
1701,0
1702,2
1703,0
1704,2
1705,0
1706,2
1707,0
1708,2
1709,1
1710,1
1711,2
1712,2
1713,3
1714,2
1715,0
1716,0
1717,0
1718,0
1719,1
1720,2
1721,0
1722,0
1723,2
1724,0
1725,2
1726,0
1727,0
1728,0
1729,0
1730,2
1731,2
1732,2
1733,2
1734,0
1735,2
1736,0
1737,0
1738,2
1739,0
1740,0
1741,1
1742,3
1743,0
1744,0
1745,0
1746,2
1747,0
1748,3
1749,0
1750,1
1751,1
1752,0
1753,2
1754,0
1755,0
1756,2
1757,2
1758,2
1759,0
1760,1
1761,0
1762,2
1763,0
1764,0
1765,0
1766,2
1767,2
1768,0
1769,0
1770,0
1771,2
1772,0
1773,2
1774,0
1775,2
1776,0
1777,0
1778,0
1779,2
1780,0
1781,0
1782,0
1783,0
1784,0
1785,2
1786,0
1787,0
1788,2
1789,2
1790,0
1791,0
1792,0
1793,0
1794,0
1795,2
1796,0
1797,2
1798,2
1799,2
1800,0
1801,0
1802,0
1803,0
1804,0
1805,0
1806,2
1807,2
1808,2
1809,0
1810,0
1811,0
1812,2
1813,0
1814,0
1815,2
1816,2
1817,0
1818,0
1819,2
1820,1
1821,0
1822,0
1823,0
1824,0
1825,0
1826,0
1827,0
1828,0
1829,0
1830,0
1831,2
1832,1
1833,0
1834,0
1835,0
1836,0
1837,2
1838,0
1839,0
1840,3
1841,2
1842,0
1843,3
1844,2
1845,0
1846,1
1847,0
1848,0
1849,2
1850,0
1851,0
1852,0
1853,1
1854,0
1855,0
1856,2
1857,0
1858,1
1859,0
1860,1
1861,2
1862,2
1863,2
1864,0
1865,2
1866,2
1867,0
1868,0
1869,0
1870,0
1871,2
1872,0
1873,0
1874,2
1875,0
1876,2
1877,3
1878,0
1879,0
1880,0
1881,2
1882,2
1883,0
1884,0
1885,2
1886,3
1887,0
1888,0
1889,0
1890,0
1891,0
1892,2
1893,0
1894,1
1895,0
1896,2
1897,2
1898,1
1899,0
1900,1
1901,0
1902,2
1903,2
1904,2
1905,0
1906,2
1907,0
1908,1
1909,0
1910,0
1911,0
1912,0
1913,2
1914,2
1915,2
1916,0
1917,0
1918,0
1919,2
1920,0
1921,0
1922,3
1923,0
1924,2
1925,0
1926,2
1927,0
1928,2
1929,0
1930,1
1931,1
1932,0
1933,0
1934,2
1935,2
1936,0
1937,0
1938,3
1939,2
1940,1
1941,2
1942,0
1943,0
1944,2
1945,1
1946,0
1947,0
1948,2
1949,0
1950,0
1951,0
1952,0
1953,0
1954,0
1955,0
1956,2
1957,0
1958,2
1959,1
1960,0
1961,0
1962,0
1963,2
1964,0
1965,0
1966,2
1967,0
1968,0
1969,0
1970,2
1971,2
1972,2
1973,0
1974,2
1975,0
1976,0
1977,0
1978,0
1979,0
1980,0
1981,1
1982,0
1983,2
1984,2
1985,0
1986,2
1987,2
1988,3
1989,0
1990,2
1991,0
1992,0
1993,0
1994,2
1995,0
1996,0
1997,1
1998,2
1999,0
2000,2
2001,2
2002,0
2003,2
2004,2
2005,0
2006,0
2007,3
2008,2
2009,0
2010,2
2011,1
2012,0
2013,2
2014,0
2015,0
2016,0
2017,2
2018,2
2019,3
2020,0
2021,1
2022,0
2023,0
2024,0
2025,2
2026,0
2027,0
2028,2
2029,2
2030,2
2031,0
2032,0
2033,2
2034,2
2035,2
2036,2
2037,0
2038,0
2039,2
2040,0
2041,0
2042,0
2043,1
2044,1
2045,2
2046,0
2047,0
2048,3
2049,0
2050,2
2051,2
2052,0
2053,0
2054,0
2055,0
2056,2
2057,0
2058,0
2059,0
2060,2
2061,2
2062,0
2063,0
2064,2
2065,2
2066,0
2067,0
2068,0
2069,0
2070,2
2071,2
2072,2
2073,2
2074,3
2075,0
2076,0
2077,0
2078,2
2079,0
2080,0
2081,2
2082,0
2083,3
2084,0
2085,0
2086,0
2087,2
2088,0
2089,2
2090,0
2091,0
2092,0
2093,0
2094,0
2095,0
2096,2
2097,2
2098,0
2099,1
2100,0
2101,0
2102,0
2103,1
2104,1
2105,0
2106,0
2107,0
2108,0
2109,2
2110,2
2111,2
2112,0
2113,0
2114,0
2115,3
2116,1
2117,0
2118,1
2119,2
2120,0
2121,0
2122,2
2123,2
2124,0
2125,0
2126,2
2127,0
2128,2
2129,0
2130,0
2131,2
2132,2
2133,0
2134,0
2135,0
2136,0
2137,0
2138,0
2139,0
2140,2
2141,2
2142,1
2143,0
2144,1
2145,0
2146,2
2147,0
2148,2
2149,0
2150,0
2151,0
2152,2
2153,0
2154,2
2155,0
2156,0
2157,0
2158,2
2159,0
2160,0
2161,0
2162,0
2163,0
2164,0
2165,0
2166,0
2167,2
2168,1
2169,2
2170,2
2171,1
2172,0
2173,2
2174,2
2175,0
2176,0
2177,2
2178,1
2179,0
2180,0
2181,0
2182,0
2183,0
2184,2
2185,2
2186,0
2187,0
2188,0
2189,3
2190,0
2191,2
2192,1
2193,1
2194,0
2195,0
2196,2
2197,2
2198,2
2199,0
2200,2
2201,0
2202,0
2203,0
2204,2
2205,0
2206,0
2207,1
2208,3
2209,2
2210,0
2211,0
2212,1
2213,2
2214,2
2215,0
2216,0
2217,0
2218,1
2219,0
2220,2
2221,2
2222,0
2223,0
2224,0
2225,2
2226,2
2227,0
2228,1
2229,3
2230,2
2231,1
2232,0
2233,0
2234,0
2235,0
2236,0
2237,2
2238,0
2239,0
2240,0
2241,0
2242,0
2243,1
2244,2
2245,0
2246,0
2247,1
2248,0
2249,2
2250,1
2251,2
2252,0
2253,2
2254,2
2255,0
2256,0
2257,2
2258,0
2259,1
2260,0
2261,2
2262,0
2263,2
2264,0
2265,2
2266,0
2267,2
2268,0
2269,2
2270,2
2271,2
2272,0
2273,2
2274,0
2275,1
2276,0
2277,2
2278,0
2279,2
2280,1
2281,0
2282,0
2283,0
2284,0
2285,3
2286,2
2287,0
2288,0
2289,0
2290,2
2291,0
2292,2
2293,0
2294,0
2295,1
2296,0
2297,0
2298,0
2299,0
2300,0
2301,2
2302,0
2303,0
2304,0
2305,1
2306,0
2307,0
2308,0
2309,2
2310,1
2311,1
2312,2
2313,0
2314,2
2315,2
2316,0
2317,2
2318,0
2319,2
2320,0
2321,0
2322,0
2323,0
2324,0
2325,0
2326,0
2327,0
2328,2
2329,2
2330,0
2331,0
2332,0
2333,0
2334,0
2335,0
2336,0
2337,2
2338,0
2339,0
2340,2
2341,2
2342,0
2343,0
2344,2
2345,2
2346,1
2347,2
2348,1
2349,0
2350,0
2351,0
2352,0
2353,2
2354,2
2355,1
2356,3
2357,0
2358,0
2359,2
2360,0
2361,0
2362,2
2363,2
2364,2
2365,2
2366,0
2367,2
2368,0
2369,0
2370,0
2371,0
2372,0
2373,2
2374,1
2375,2
2376,0
2377,0
2378,2
2379,2
2380,2
2381,0
2382,0
2383,0
2384,0
2385,0
2386,2
2387,2
2388,0
2389,0
2390,2
2391,0
2392,2
2393,2
2394,0
2395,0
2396,0
2397,0
2398,0
2399,0
2400,2
2401,3
2402,0
2403,0
2404,0
2405,2
2406,0
2407,0
2408,2
2409,1
2410,0
2411,0
2412,2
2413,0
2414,0
2415,0
2416,0
2417,0
2418,0
2419,2
2420,0
2421,0
2422,0
2423,2
2424,0
2425,2
2426,0
2427,2
2428,2
2429,0
2430,0
2431,2
2432,2
2433,0
2434,2
2435,2
2436,0
2437,0
2438,2
2439,0
2440,0
2441,0
2442,2
2443,0
2444,2
2445,0
2446,0
2447,0
2448,2
2449,2
2450,0
2451,2
2452,2
2453,0
2454,0
2455,0
2456,0
2457,2
2458,0
2459,2
2460,2
2461,2
2462,2
2463,2
2464,0
2465,0
2466,2
2467,3
2468,0
2469,0
2470,2
2471,0
2472,0
2473,2
2474,0
2475,0
2476,0
2477,0
2478,0
2479,3
2480,0
2481,0
2482,2
2483,0
2484,0
2485,2
2486,2
2487,0
2488,1
2489,0
2490,2
2491,0
2492,0
2493,1
2494,2
2495,0
2496,2
2497,0
2498,1
2499,0
2500,0
2501,1
2502,2
2503,2
2504,0
2505,2
2506,2
2507,0
2508,2
2509,0
2510,0
2511,0
2512,0
2513,0
2514,0
2515,2
2516,2
2517,0
2518,0
2519,2
2520,0
2521,0
2522,2
2523,2
2524,2
2525,0
2526,0
2527,2
2528,2
2529,3
2530,2
2531,2
2532,0
2533,0
2534,0
2535,0
2536,2
2537,0
2538,2
2539,2
2540,2
2541,2
2542,0
2543,0
2544,2
2545,0
2546,0
2547,0
2548,2
2549,0
2550,2
2551,0
2552,0
2553,0
2554,0
2555,2
2556,0
2557,0
2558,0
2559,0
2560,2
2561,0
2562,0
2563,0
2564,0
2565,0
2566,0
2567,0
2568,2
2569,0
2570,0
2571,0
2572,0
2573,2
2574,0
2575,0
2576,0
2577,2
2578,0
2579,2
2580,0
2581,1
2582,1
2583,0
2584,0
2585,0
2586,2
2587,2
2588,2
2589,2
2590,0
2591,2
2592,0
2593,3
2594,2
2595,0
2596,0
2597,2
2598,0
2599,0
2600,1
2601,0
2602,0
2603,0
2604,0
2605,0
2606,0
2607,0
2608,0
2609,0
2610,2
2611,0
2612,3
2613,2
2614,3
2615,0
2616,3
2617,0
2618,0
2619,0
2620,0
2621,0
2622,0
2623,0
2624,0
2625,0
2626,0
2627,2
2628,1
2629,0
2630,2
2631,2
2632,2
2633,0
2634,0
2635,0
2636,0
2637,0
2638,0
2639,2
2640,2
2641,0
2642,0
2643,0
2644,0
2645,2
2646,2
2647,0
2648,0
2649,0
2650,0
2651,0
2652,1
2653,0
2654,1
2655,0
2656,0
2657,0
2658,0
2659,2
2660,0
2661,1
2662,2
2663,0
2664,2
2665,0
2666,0
2667,0
2668,2
2669,2
2670,2
2671,0
2672,0
2673,3
2674,2
2675,0
2676,0
2677,0
2678,0
2679,2
2680,0
2681,0
2682,1
2683,2
2684,3
2685,1
2686,2
2687,0
2688,0
2689,1
2690,2
2691,1
2692,0
2693,2
2694,0
2695,0
2696,0
2697,2
2698,0
2699,0
2700,0
2701,2
2702,0
2703,0
2704,1
2705,2
2706,3
2707,0
2708,2
2709,2
2710,0
2711,0
2712,2
2713,2
2714,1
2715,0
2716,0
2717,0
2718,1
2719,2
2720,0
2721,0
2722,0
2723,0
2724,0
2725,0
2726,0
2727,0
2728,2
2729,0
2730,0
2731,2
2732,0
2733,0
2734,0
2735,1
2736,0
2737,2
2738,0
2739,2
2740,2
2741,0
2742,1
2743,0
2744,0
2745,1
2746,0
2747,0
2748,1
2749,0
2750,0
2751,0
2752,1
2753,0
2754,2
2755,2
2756,0
2757,0
2758,2
2759,0
2760,0
2761,3
2762,0
2763,1
2764,0
2765,0
2766,0
2767,0
2768,0
2769,2
2770,0
2771,0
2772,0
2773,2
2774,2
2775,2
2776,0
2777,0
2778,2
2779,0
2780,0
2781,0
2782,2
2783,1
2784,0
2785,2
2786,0
2787,1
2788,2
2789,2
2790,1
2791,0
2792,2
2793,1
2794,2
2795,2
2796,0
2797,0
2798,2
2799,2
2800,1
2801,0
2802,0
2803,0
2804,3
2805,0
2806,0
2807,0
2808,0
2809,0
2810,0
2811,2
2812,0
2813,2
2814,0
2815,2
2816,0
2817,0
2818,1
2819,0
2820,0
2821,2
2822,0
2823,3
2824,0
2825,0
2826,0
2827,0
2828,0
2829,2
2830,1
2831,0
2832,2
2833,2
2834,0
2835,0
2836,1
2837,0
2838,0
2839,0
2840,1
2841,0
2842,0
2843,1
2844,0
2845,2
2846,0
2847,0
2848,2
2849,0
2850,0
2851,0
2852,2
2853,0
2854,0
2855,0
2856,2
2857,0
2858,2
2859,0
2860,0
2861,0
2862,2
2863,0
2864,2
2865,0
2866,0
2867,2
2868,0
2869,0
2870,2
2871,0
2872,0
2873,0
2874,0
2875,0
2876,2
2877,2
2878,2
2879,2
2880,2
2881,2
2882,0
2883,2
2884,0
2885,0
2886,0
2887,2
2888,2
2889,0
2890,2
2891,0
2892,0
2893,0
2894,0
2895,0
2896,0
2897,0
2898,1
2899,2
2900,0
2901,2
2902,0
2903,0
2904,0
2905,2
2906,0
2907,0
2908,2
2909,0
2910,0
2911,0
2912,3
2913,0
2914,0
2915,0
2916,0
2917,2
2918,0
2919,0
2920,2
2921,0
2922,0
2923,0
2924,0
2925,2
2926,2
2927,2
2928,1
2929,0
2930,0
2931,0
2932,0
2933,0
2934,2
2935,0
2936,0
2937,0
2938,0
2939,0
2940,0
2941,2
2942,2
2943,0
2944,0
2945,0
2946,0
2947,0
2948,0
2949,0
2950,0
2951,0
2952,0
2953,0
2954,0
2955,0
2956,0
2957,0
2958,0
2959,0
2960,1
2961,0
2962,2
2963,2
2964,3
2965,0
2966,0
2967,2
2968,1
2969,2
2970,1
2971,0
2972,0
2973,2
2974,0
2975,0
2976,0
2977,1
2978,0
2979,0
2980,2
2981,2
2982,2
2983,0
2984,0
2985,0
2986,0
2987,0
2988,0
2989,0
2990,1
2991,0
2992,0
2993,0
2994,0
2995,0
2996,0
2997,0
2998,0
2999,0
3000,0
3001,0
3002,0
3003,2
3004,0
3005,0
3006,0
3007,0
3008,2
3009,1
3010,0
3011,0
3012,0
3013,2
3014,0
3015,0
3016,2
3017,2
3018,0
3019,2
3020,0
3021,0
3022,0
3023,0
3024,2
3025,2
3026,2
3027,0
3028,0
3029,0
3030,2
3031,0
3032,2
3033,0
3034,0
3035,0
3036,0
3037,0
3038,0
3039,3
3040,0
3041,2
3042,0
3043,2
3044,0
3045,0
3046,2
3047,0
3048,0
3049,0
3050,0
3051,0
3052,2
3053,2
3054,2
3055,0
3056,0
3057,0
3058,1
3059,0
3060,2
3061,0
3062,0
3063,2
3064,0
3065,2
3066,3
3067,2
3068,0
3069,0
3070,3
3071,2
3072,0
3073,0
3074,0
3075,2
3076,0
3077,2
3078,0
3079,0
3080,2
3081,0
3082,0
3083,2
3084,2
3085,2
3086,0
3087,0
3088,2
3089,0
3090,0
3091,2
3092,1
3093,2
3094,2
3095,2
3096,0
3097,2
3098,0
3099,0
3100,0
3101,0
3102,0
3103,2
3104,0
3105,1
3106,0
3107,0
3108,0
3109,0
3110,0
3111,0
3112,0
3113,2
3114,0
3115,2
3116,1
3117,0
3118,0
3119,2
3120,0
3121,0
3122,3
3123,0
3124,2
3125,0
3126,0
3127,0
3128,0
3129,2
3130,0
3131,2
3132,0
3133,2
3134,0
3135,2
3136,0
3137,2
3138,2
3139,0
3140,0
3141,0
3142,2
3143,2
3144,2
3145,2
3146,0
3147,2
3148,2
3149,0
3150,3
3151,0
3152,0
3153,0
3154,0
3155,0
3156,3
3157,0
3158,0
3159,3
3160,0
3161,0
3162,0
3163,2
3164,0
3165,2
3166,2
3167,2
3168,0
3169,0
3170,2
3171,2
3172,2
3173,0
3174,0
3175,2
3176,0
3177,1
3178,2
3179,0
3180,2
3181,0
3182,2
3183,0
3184,0
3185,2
3186,0
3187,1
3188,0
3189,0
3190,0
3191,0
3192,0
3193,0
3194,0
3195,0
3196,1
3197,0
3198,0
3199,0
3200,0
3201,0
3202,1
3203,0
3204,2
3205,2
3206,1
3207,1
3208,0
3209,0
3210,0
3211,2
3212,0
3213,3
3214,0
3215,0
3216,0
3217,0
3218,0
3219,2
3220,0
3221,0
3222,0
3223,0
3224,1
3225,2
3226,1
3227,2
3228,0
3229,2
3230,0
3231,1
3232,0
3233,0
3234,2
3235,0
3236,1
3237,2
3238,0
3239,2
3240,0
3241,3
3242,2
3243,1
3244,0
3245,2
3246,2
3247,0
3248,2
3249,0
3250,0
3251,0
3252,2
3253,1
3254,0
3255,0
3256,0
3257,2
3258,2
3259,2
3260,0
3261,0
3262,0
3263,0
3264,0
3265,0
3266,2
3267,0
3268,1
3269,1
3270,0
3271,0
3272,0
3273,1
3274,0
3275,0
3276,1
3277,0
3278,0
3279,2
3280,1
3281,0
3282,0
3283,0
3284,0
3285,2
3286,2
3287,0
3288,2
3289,0
3290,0
3291,0
3292,0
3293,2
3294,0
3295,2
3296,0
3297,0
3298,0
3299,2
3300,0
3301,1
3302,2
3303,2
3304,2
3305,2
3306,1
3307,2
3308,1
3309,0
3310,0
3311,0
3312,2
3313,2
3314,0
3315,0
3316,2
3317,2
3318,0
3319,2
3320,0
3321,2
3322,2
3323,0
3324,2
3325,2
3326,0
3327,2
3328,0
3329,0
3330,0
3331,0
3332,0
3333,0
3334,0
3335,0
3336,0
3337,2
3338,0
3339,3
3340,2
3341,1
3342,0
3343,0
3344,3
3345,0
3346,0
3347,0
3348,0
3349,0
3350,0
3351,0
3352,0
3353,2
3354,0
3355,0
3356,0
3357,2
3358,1
3359,1
3360,2
3361,0
3362,0
3363,0
3364,1
3365,0
3366,2
3367,0
3368,1
3369,0
3370,0
3371,0
3372,2
3373,0
3374,2
3375,2
3376,0
3377,0
3378,2
3379,0
3380,0
3381,2
3382,2
3383,2
3384,0
3385,0
3386,1
3387,0
3388,2
3389,0
3390,0
3391,0
3392,0
3393,0
3394,0
3395,2
3396,2
3397,0
3398,2
3399,0
3400,0
3401,0
3402,2
3403,0
3404,0
3405,0
3406,0
3407,0
3408,1
3409,0
3410,0
3411,0
3412,2
3413,2
3414,0
3415,0
3416,0
3417,2
3418,0
3419,0
3420,0
3421,0
3422,2
3423,0
3424,0
3425,0
3426,0
3427,0
3428,0
3429,0
3430,0
3431,0
3432,2
3433,0
3434,0
3435,0
3436,2
3437,0
3438,0
3439,2
3440,0
3441,0
3442,0
3443,0
3444,0
3445,2
3446,0
3447,0
3448,0
3449,0
3450,2
3451,2
3452,3
3453,0
3454,0
3455,0
3456,0
3457,0
3458,0
3459,1
3460,0
3461,0
3462,0
3463,2
3464,0
3465,0
3466,1
3467,0
3468,3
3469,0
3470,0
3471,2
3472,0
3473,2
3474,2
3475,0
3476,0
3477,1
3478,0
3479,0
3480,1
3481,0
3482,0
3483,0
3484,2
3485,2
3486,0
3487,2
3488,0
3489,0
3490,0
3491,0
3492,3
3493,2
3494,0
3495,2
3496,3
3497,0
3498,0
3499,2
3500,0
3501,2
3502,0
3503,2
3504,0
3505,2
3506,2
3507,0
3508,0
3509,0
3510,2
3511,0
3512,0
3513,0
3514,2
3515,3
3516,0
3517,3
3518,3
3519,0
3520,0
3521,2
3522,2
3523,0
3524,0
3525,0
3526,2
3527,0
3528,2
3529,2
3530,0
3531,1
3532,0
3533,0
3534,2
3535,0
3536,0
3537,0
3538,2
3539,0
3540,0
3541,0
3542,0
3543,0
3544,2
3545,0
3546,2
3547,1
3548,1
3549,0
3550,0
3551,0
3552,0
3553,0
3554,0
3555,2
3556,2
3557,2
3558,0
3559,1
3560,0
3561,0
3562,1
3563,2
3564,2
3565,0
3566,2
3567,0
3568,0
3569,0
3570,0
3571,2
3572,0
3573,0
3574,0
3575,0
3576,0
3577,0
3578,0
3579,2
3580,0
3581,0
3582,0
3583,2
3584,0
3585,0
3586,0
3587,0
3588,0
3589,2
3590,2
3591,0
3592,0
3593,0
3594,2
3595,0
3596,1
3597,2
3598,0
3599,2
3600,3
3601,0
3602,0
3603,0
3604,2
3605,1
3606,0
3607,3
3608,2
3609,0
3610,2
3611,1
3612,0
3613,0
3614,0
3615,0
3616,2
3617,0
3618,1
3619,2
3620,2
3621,0
3622,0
3623,2
3624,2
3625,0
3626,0
3627,0
3628,2
3629,0
3630,2
3631,0
3632,0
3633,1
3634,0
3635,1
3636,1
3637,0
3638,2
3639,0
3640,0
3641,2
3642,2
3643,0
3644,2
3645,0
3646,2
3647,0
3648,0
3649,0
3650,0
3651,2
3652,0
3653,0
3654,2
3655,0
3656,2
3657,2
3658,0
3659,1
3660,0
3661,0
3662,0
3663,0
3664,2
3665,1
3666,0
3667,0
3668,0
3669,2
3670,0
3671,0
3672,0
3673,0
3674,2
3675,0
3676,2
3677,0
3678,0
3679,0
3680,0
3681,2
3682,2
3683,2
3684,0
3685,0
3686,0
3687,0
3688,0
3689,0
3690,0
3691,0
3692,0
3693,2
3694,2
3695,2
3696,0
3697,0
3698,0
3699,0
3700,0
3701,0
3702,0
3703,0
3704,2
3705,3
3706,0
3707,0
3708,2
3709,0
3710,0
3711,0
3712,1
3713,0
3714,0
3715,2
3716,0
3717,1
3718,2
3719,0
3720,0
3721,2
3722,0
3723,2
3724,0
3725,2
3726,2
3727,1
3728,0
3729,0
3730,0
3731,2
3732,2
3733,0
3734,2
3735,2
3736,1
3737,0
3738,0
3739,2
3740,1
3741,0
3742,0
3743,0
3744,0
3745,2
3746,0
3747,0
3748,2
3749,0
3750,2
3751,0
3752,3
3753,2
3754,2
3755,0
3756,0
3757,0
3758,0
3759,0
3760,1
3761,2
3762,2
3763,0
3764,2
3765,0
3766,0
3767,2
3768,0
3769,0
3770,0
3771,0
3772,2
3773,0
3774,0
3775,0
3776,0
3777,0
3778,0
3779,2
3780,2
3781,0
3782,0
3783,0
3784,0
3785,2
3786,0
3787,0
3788,1
3789,2
3790,0
3791,0
3792,0
3793,0
3794,2
3795,0
3796,0
3797,2
3798,0
3799,2
3800,0
3801,0
3802,0
3803,0
3804,2
3805,0
3806,0
3807,2
3808,0
3809,1
3810,0
3811,0
3812,1
3813,0
3814,0
3815,2
3816,0
3817,2
3818,0
3819,0
3820,2
3821,0
3822,0
3823,2
3824,2
3825,0
3826,2
3827,0
3828,2
3829,2
3830,2
3831,2
3832,0
3833,0
3834,0
3835,3
3836,1
3837,0
3838,0
3839,1
3840,2
3841,0
3842,0
3843,2
3844,2
3845,0
3846,2
3847,0
3848,0
3849,0
3850,0
3851,2
3852,1
3853,0
3854,2
3855,0
3856,0
3857,0
3858,0
3859,2
3860,0
3861,3
3862,1
3863,0
3864,2
3865,0
3866,0
3867,0
3868,1
3869,0
3870,0
3871,0
3872,2
3873,2
3874,3
3875,0
3876,0
3877,1
3878,1
3879,2
3880,0
3881,0
3882,0
3883,0
3884,0
3885,0
3886,0
3887,0
3888,0
3889,2
3890,2
3891,0
3892,2
3893,0
3894,0
3895,1
3896,0
3897,0
3898,0
3899,0
3900,0
3901,0
3902,0
3903,0
3904,0
3905,0
3906,0
3907,0
3908,0
3909,0
3910,2
3911,3
3912,0
3913,2
3914,0
3915,0
3916,2
3917,0
3918,2
3919,0
3920,0
3921,1
3922,2
3923,0
3924,2
3925,0
3926,2
3927,0
3928,1
3929,2
3930,0
3931,0
3932,2
3933,1
3934,2
3935,2
3936,1
3937,0
3938,0
3939,1
3940,0
3941,2
3942,0
3943,0
3944,0
3945,2
3946,0
3947,2
3948,0
3949,0
3950,0
3951,0
3952,2
3953,2
3954,0
3955,0
3956,0
3957,0
3958,1
3959,0
3960,0
3961,0
3962,2
3963,0
3964,3
3965,0
3966,0
3967,2
3968,0
3969,0
3970,2
3971,0
3972,0
3973,2
3974,0
3975,2
3976,0
3977,0
3978,2
3979,2
3980,1
3981,0
3982,3
3983,2
3984,0
3985,2
3986,0
3987,0
3988,0
3989,0
3990,3
3991,2
3992,0
3993,2
3994,0
3995,0
3996,2
3997,0
3998,0
3999,0
4000,0
4001,0
4002,0
4003,0
4004,2
4005,0
4006,0
4007,2
4008,2
4009,0
4010,0
4011,2
4012,0
4013,2
4014,2
4015,1
4016,2
4017,0
4018,0
4019,2
4020,0
4021,2
4022,1
4023,2
4024,0
4025,2
4026,2
4027,0
4028,0
4029,0
4030,2
4031,2
4032,3
4033,0
4034,2
4035,0
4036,3
4037,0
4038,1
4039,2
4040,1
4041,0
4042,3
4043,2
4044,2
4045,2
4046,0
4047,0
4048,0
4049,0
4050,0
4051,2
4052,0
4053,1
4054,3
4055,0
4056,0
4057,0
4058,0
4059,0
4060,3
4061,2
4062,2
4063,2
4064,1
4065,0
4066,0
4067,0
4068,1
4069,0
4070,2
4071,0
4072,0
4073,0
4074,0
4075,0
4076,2
4077,1
4078,0
4079,0
4080,0
4081,3
4082,0
4083,0
4084,0
4085,0
4086,0
4087,0
4088,2
4089,2
4090,1
4091,2
4092,2
4093,0
4094,0
4095,0
4096,0
4097,2
4098,0
4099,2
4100,0
4101,0
4102,3
4103,0
4104,2
4105,2
4106,3
4107,0
4108,3
4109,0
4110,1
4111,2
4112,2
4113,1
4114,0
4115,2
4116,1
4117,0
4118,0
4119,0
4120,2
4121,0
4122,0
4123,2
4124,0
4125,1
4126,0
4127,2
4128,0
4129,1
4130,0
4131,0
4132,2
4133,0
4134,2
4135,1
4136,2
4137,2
4138,2
4139,2
4140,0
4141,1
4142,0
4143,2
4144,0
4145,2
4146,0
4147,0
4148,0
4149,0
4150,0
4151,0
4152,0
4153,0
4154,2
4155,2
4156,0
4157,0
4158,0
4159,0
4160,0
4161,1
4162,2
4163,0
4164,0
4165,0
4166,2
4167,2
4168,0
4169,2
4170,0
4171,0
4172,0
4173,2
4174,0
4175,1
4176,0
4177,2
4178,0
4179,0
4180,0
4181,0
4182,3
4183,2
4184,0
4185,0
4186,2
4187,0
4188,0
4189,2
4190,1
4191,0
4192,0
4193,0
4194,2
4195,0
4196,0
4197,0
4198,2
4199,0
4200,2
4201,3
4202,0
4203,2
4204,2
4205,0
4206,1
4207,0
4208,0
4209,0
4210,0
4211,0
4212,2
4213,2
4214,0
4215,2
4216,2
4217,0
4218,2
4219,0
4220,2
4221,0
4222,2
4223,2
4224,0
4225,1
4226,2
4227,2
4228,0
4229,0
4230,3
4231,0
4232,2
4233,0
4234,2
4235,3
4236,3
4237,2
4238,2
4239,0
4240,0
4241,0
4242,2
4243,2
4244,0
4245,0
4246,1
4247,2
4248,2
4249,0
4250,2
4251,0
4252,0
4253,1
4254,0
4255,0
4256,0
4257,0
4258,2
4259,3
4260,0
4261,0
4262,1
4263,3
4264,0
4265,2
4266,2
4267,0
4268,0
4269,0
4270,0
4271,0
4272,0
4273,2
4274,0
4275,2
4276,0
4277,0
4278,0
4279,2
4280,2
4281,2
4282,0
4283,0
4284,1
4285,0
4286,1
4287,2
4288,0
4289,2
4290,0
4291,2
4292,2
4293,1
4294,0
4295,0
4296,3
4297,2
4298,0
4299,2
4300,2
4301,2
4302,2
4303,2
4304,2
4305,0
4306,0
4307,0
4308,0
4309,0
4310,1
4311,1
4312,0
4313,1
4314,2
4315,0
4316,0
4317,0
4318,0
4319,0
4320,0
4321,0
4322,1
4323,0
4324,0
4325,2
4326,1
4327,0
4328,1
4329,2
4330,2
4331,1
4332,2
4333,0
4334,0
4335,1
4336,0
4337,0
4338,2
4339,2
4340,0
4341,0
4342,0
4343,2
4344,0
4345,1
4346,0
4347,0
4348,0
4349,1
4350,1
4351,0
4352,3
4353,0
4354,1
4355,0
4356,2
4357,0
4358,2
4359,0
4360,0
4361,0
4362,2
4363,0
4364,0
4365,0
4366,0
4367,2
4368,2
4369,1
4370,2
4371,1
4372,0
4373,0
4374,1
4375,2
4376,0
4377,2
4378,0
4379,1
4380,0
4381,0
4382,0
4383,0
4384,0
4385,2
4386,0
4387,0
4388,2
4389,0
4390,0
4391,0
4392,0
4393,1
4394,2
4395,3
4396,0
4397,1
4398,0
4399,0
4400,0
4401,0
4402,0
4403,2
4404,0
4405,0
4406,0
4407,0
4408,0
4409,0
4410,2
4411,1
4412,0
4413,0
4414,0
4415,0
4416,2
4417,2
4418,0
4419,0
4420,2
4421,2
4422,0
4423,1
4424,0
4425,0
4426,0
4427,0
4428,0
4429,0
4430,2
4431,1
4432,3
4433,2
4434,0
4435,2
4436,0
4437,0
4438,0
4439,2
4440,0
4441,1
4442,2
4443,2
4444,0
4445,0
4446,0
4447,0
4448,0
4449,0
4450,2
4451,0
4452,0
4453,0
4454,2
4455,0
4456,1
4457,1
4458,2
4459,0
4460,0
4461,0
4462,3
4463,0
4464,2
4465,0
4466,0
4467,2
4468,0
4469,0
4470,2
4471,2
4472,0
4473,1
4474,2
4475,2
4476,2
4477,2
4478,0
4479,0
4480,0
4481,1
4482,0
4483,2
4484,1
4485,0
4486,0
4487,2
4488,0
4489,0
4490,0
4491,3
4492,1
4493,2
4494,2
4495,0
4496,2
4497,0
4498,0
4499,0
4500,2
4501,0
4502,0
4503,2
4504,1
4505,0
4506,0
4507,0
4508,2
4509,0
4510,0
4511,0
4512,0
4513,0
4514,0
4515,2
4516,2
4517,2
4518,0
4519,0
4520,2
4521,0
4522,0
4523,0
4524,0
4525,0
4526,2
4527,0
4528,0
4529,0
4530,0
4531,0
4532,0
4533,0
4534,1
4535,0
4536,0
4537,0
4538,0
4539,0
4540,0
4541,0
4542,0
4543,0
4544,0
4545,0
4546,2
4547,2
4548,0
4549,0
4550,2
4551,1
4552,2
4553,0
4554,0
4555,2
4556,0
4557,2
4558,0
4559,0
4560,1
4561,2
4562,0
4563,0
4564,2
4565,0
4566,1
4567,0
4568,0
4569,0
4570,0
4571,0
4572,2
4573,0
4574,2
4575,0
4576,0
4577,1
4578,2
4579,1
4580,2
4581,0
4582,0
4583,2
4584,0
4585,0
4586,0
4587,2
4588,0
4589,1
4590,1
4591,0
4592,0
4593,0
4594,0
4595,0
4596,0
4597,3
4598,0
4599,0
4600,0
4601,2
4602,2
4603,2
4604,2
4605,0
4606,0
4607,0
4608,2
4609,0
4610,0
4611,0
4612,0
4613,1
4614,0
4615,2
4616,2
4617,0
4618,2
4619,0
4620,2
4621,1
4622,3
4623,0
4624,0
4625,2
4626,0
4627,0
4628,0
4629,1
4630,2
4631,0
4632,1
4633,0
4634,0
4635,2
4636,2
4637,0
4638,0
4639,2
4640,0
4641,0
4642,1
4643,0
4644,0
4645,0
4646,0
4647,0
4648,0
4649,1
4650,0
4651,0
4652,2
4653,0
4654,0
4655,0
4656,0
4657,2
4658,2
4659,0
4660,2
4661,0
4662,0
4663,1
4664,1
4665,0
4666,0
4667,0
4668,1
4669,1
4670,2
4671,0
4672,2
4673,0
4674,1
4675,2
4676,0
4677,2
4678,0
4679,2
4680,0
4681,0
4682,2
4683,3
4684,0
4685,0
4686,0
4687,0
4688,2
4689,0
4690,0
4691,0
4692,2
4693,2
4694,0
4695,1
4696,0
4697,0
4698,0
4699,0
4700,2
4701,0
4702,0
4703,0
4704,2
4705,0
4706,2
4707,0
4708,0
4709,0
4710,1
4711,0
4712,0
4713,2
4714,2
4715,0
4716,0
4717,0
4718,0
4719,0
4720,0
4721,0
4722,2
4723,1
4724,0
4725,1
4726,0
4727,0
4728,2
4729,0
4730,0
4731,1
4732,0
4733,0
4734,2
4735,0
4736,2
4737,0
4738,0
4739,2
4740,0
4741,2
4742,0
4743,2
4744,0
4745,0
4746,0
4747,3
4748,1
4749,0
4750,0
4751,2
4752,0
4753,2
4754,0
4755,0
4756,2
4757,2
4758,0
4759,2
4760,0
4761,0
4762,2
4763,1
4764,0
4765,0
4766,0
4767,2
4768,2
4769,1
4770,0
4771,2
4772,2
4773,1
4774,1
4775,0
4776,0
4777,2
4778,0
4779,0
4780,0
4781,0
4782,0
4783,2
4784,0
4785,1
4786,0
4787,0
4788,0
4789,2
4790,1
4791,0
4792,2
4793,2
4794,2
4795,0
4796,2
4797,0
4798,0
4799,2
4800,2
4801,0
4802,0
4803,0
4804,0
4805,3
4806,0
4807,2
4808,1
4809,2
4810,0
4811,0
4812,0
4813,0
4814,0
4815,0
4816,0
4817,0
4818,0
4819,0
4820,2
4821,0
4822,0
4823,0
4824,0
4825,0
4826,0
4827,2
4828,0
4829,0
4830,0
4831,0
4832,0
4833,2
4834,2
4835,0
4836,0
4837,0
4838,0
4839,2
4840,0
4841,0
4842,0
4843,0
4844,0
4845,0
4846,0
4847,0
4848,2
4849,2
4850,2
4851,0
4852,2
4853,1
4854,0
4855,2
4856,0
4857,2
4858,0
4859,2
4860,2
4861,0
4862,0
4863,2
4864,0
4865,0
4866,2
4867,0
4868,0
4869,0
4870,2
4871,2
4872,0
4873,0
4874,0
4875,2
4876,0
4877,0
4878,0
4879,3
4880,2
4881,0
4882,0
4883,2
4884,1
4885,0
4886,2
4887,0
4888,0
4889,2
4890,2
4891,2
4892,3
4893,0
4894,2
4895,3
4896,0
4897,2
4898,1
4899,2
4900,0
4901,0
4902,0
4903,0
4904,0
4905,0
4906,2
4907,1
4908,1
4909,0
4910,0
4911,2
4912,0
4913,0
4914,0
4915,0
4916,2
4917,0
4918,1
4919,2
4920,2
4921,2
4922,0
4923,1
4924,1
4925,0
4926,0
4927,2
4928,0
4929,0
4930,0
4931,0
4932,0
4933,0
4934,0
4935,2
4936,1
4937,0
4938,1
4939,2
4940,0
4941,2
4942,0
4943,2
4944,2
4945,2
4946,1
4947,3
4948,0
4949,2
4950,2
4951,0
4952,0
4953,2
4954,2
4955,2
4956,0
4957,2
4958,2
4959,2
4960,0
4961,0
4962,2
4963,0
4964,0
4965,2
4966,2
4967,0
4968,0
4969,0
4970,0
4971,0
4972,3
4973,0
4974,0
4975,0
4976,0
4977,1
4978,0
4979,0
4980,3
4981,2
4982,3
4983,2
4984,0
4985,0
4986,2
4987,1
4988,0
4989,0
4990,0
4991,2
4992,0
4993,0
4994,0
4995,1
4996,2
4997,0
4998,2
4999,1
5000,1
5001,2
5002,2
5003,0
5004,0
5005,2
5006,0
5007,2
5008,0
5009,0
5010,2
5011,2
5012,2
5013,1
5014,0
5015,2
5016,1
5017,0
5018,2
5019,0
5020,0
5021,2
5022,1
5023,0
5024,0
5025,0
5026,2
5027,0
5028,3
5029,1
5030,0
5031,0
5032,2
5033,1
5034,0
5035,0
5036,0
5037,0
5038,2
5039,0
5040,0
5041,2
5042,2
5043,0
5044,0
5045,0
5046,0
5047,0
5048,0
5049,2
5050,2
5051,0
5052,0
5053,2
5054,2
5055,0
5056,0
5057,0
5058,0
5059,2
5060,2
5061,2
5062,0
5063,0
5064,2
5065,2
5066,0
5067,2
5068,1
5069,2
5070,0
5071,0
5072,2
5073,2
5074,0
5075,1
5076,0
5077,0
5078,1
5079,2
5080,1
5081,0
5082,0
5083,1
5084,0
5085,0
5086,0
5087,0
5088,0
5089,2
5090,0
5091,2
5092,2
5093,0
5094,2
5095,0
5096,2
5097,2
5098,1
5099,0
5100,0
5101,2
5102,0
5103,0
5104,0
5105,0
5106,1
5107,0
5108,2
5109,2
5110,0
5111,1
5112,0
5113,2
5114,0
5115,2
5116,0
